[{"@type":"mappingTemplate","id":"@1","name":"Mapping_RESTV2","description":"","bundleVersion":"0","templateId":"@3","hasParameters":false,"valid":true,"fixedConnection":true,"hasParametersDeployed":false,"fixedConnectionDeployed":false,"isSchemaValidationEnabled":false,"tasks":0,"mappingPreviewFileRecordId":"@2","documentType":"MAPPING","references":[{"@type":"reference","refObjectId":"@8d5PjkySoz2h1KkJ1kIOWs","refType":"connection"},{"@type":"reference","refObjectId":"@d6dIHR4qz8XexXc8Wo50YT","refType":"connection"}]}]